<?xml version="1.0" encoding="utf-8" ?>
<dwsync>
<file name="titleBg.png" server="imgroup.com.vn//public_html/noithat/" local="129985423568142929" remote="129985199400000000" Dst="0" />
<file name="calActiveBg.png" server="imgroup.com.vn//public_html/noithat/" local="129985423565090209" remote="129985199400000000" Dst="0" />
<file name="bg.jpg" server="imgroup.com.vn//public_html/noithat/" local="129985423565080184" remote="129985199400000000" Dst="0" />
<file name="bodyBg.png" server="imgroup.com.vn//public_html/noithat/" local="129985423565960972" remote="129985199400000000" Dst="0" />
<file name="leftTop.png" server="imgroup.com.vn//public_html/noithat/" local="129985423566671619" remote="129985199400000000" Dst="0" />
<file name="numberBg.png" server="imgroup.com.vn//public_html/noithat/" local="129985423564759896" remote="129985199400000000" Dst="0" />
<file name="topnavBg.png" server="imgroup.com.vn//public_html/noithat/" local="129985423565430495" remote="129985199400000000" Dst="0" />
<file name="navBg.jpg" server="imgroup.com.vn//public_html/noithat/" local="129985423567872686" remote="129985199400000000" Dst="0" />
<file name="navItemBg.png" server="imgroup.com.vn//public_html/noithat/" local="129985423567142041" remote="129985199400000000" Dst="0" />
<file name="subNavBg.jpg" server="imgroup.com.vn//public_html/noithat/" local="129985423565380470" remote="129985199400000000" Dst="0" />
<file name="subNavBg_active.jpg" server="imgroup.com.vn//public_html/noithat/" local="129985423567402267" remote="129985199400000000" Dst="0" />
<file name="respNavBg.png" server="imgroup.com.vn//public_html/noithat/" local="129985423568303073" remote="129985199400000000" Dst="0" />
<file name="arrows.png" server="imgroup.com.vn//public_html/noithat/" local="129985423568403167" remote="129985199400000000" Dst="0" />
<file name="sideDropdown.png" server="imgroup.com.vn//public_html/noithat/" local="129985423567712550" remote="129985199400000000" Dst="0" />
<file name="iconsGroup.png" server="imgroup.com.vn//public_html/noithat/" local="129985423566291281" remote="129985199400000000" Dst="0" />
<file name="genBalance.png" server="imgroup.com.vn//public_html/noithat/" local="129985423565720764" remote="129985199400000000" Dst="0" />
<file name="sidebarPositiveArrow.png" server="imgroup.com.vn//public_html/noithat/" local="129985423564219419" remote="129985199400000000" Dst="0" />
<file name="sidebarButtons.png" server="imgroup.com.vn//public_html/noithat/" local="129985423568513266" remote="129985199400000000" Dst="0" />
<file name="sidebarButtonSep.png" server="imgroup.com.vn//public_html/noithat/" local="129985423564399568" remote="129985199400000000" Dst="0" />
<file name="roundStats.png" server="imgroup.com.vn//public_html/noithat/" local="129985423563869096" remote="129985199400000000" Dst="0" />
<file name="middleNavBg.png" server="imgroup.com.vn//public_html/noithat/" local="129985423566011021" remote="129985199400000000" Dst="0" />
<file name="titleRowBg.png" server="imgroup.com.vn//public_html/noithat/" local="129985423564089350" remote="129985199400000000" Dst="0" />
<file name="stats.png" server="imgroup.com.vn//public_html/noithat/" local="129985423563418687" remote="129985199400000000" Dst="0" />
<file name="statsElementsBg.png" server="imgroup.com.vn//public_html/noithat/" local="129985423568022825" remote="129985199400000000" Dst="0" />
<file name="darkGreyCircle.png" server="imgroup.com.vn//public_html/noithat/" local="129985423563919145" remote="129985199400000000" Dst="0" />
<file name="controlB.png" server="imgroup.com.vn//public_html/noithat/" local="129985423564709847" remote="129985199400000000" Dst="0" />
<file name="horControlB.png" server="imgroup.com.vn//public_html/noithat/" local="129985423567442307" remote="129985199400000000" Dst="0" />
<file name="sidebarSearch.png" server="imgroup.com.vn//public_html/noithat/" local="129985423566531484" remote="129985199400000000" Dst="0" />
<file name="tPagination.png" server="imgroup.com.vn//public_html/noithat/" local="129985423565670711" remote="129985199400000000" Dst="0" />
<file name="pagingBg.png" server="imgroup.com.vn//public_html/noithat/" local="129985423563458727" remote="129985199400000000" Dst="0" />
<file name="sideGradient.png" server="imgroup.com.vn//public_html/noithat/" local="129985423567091992" remote="129985199400000000" Dst="0" />
<file name="breadcrumbArrow.png" server="imgroup.com.vn//public_html/noithat/" local="129985423566371341" remote="129985199400000000" Dst="0" />
<file name="Thumbs.db" server="imgroup.com.vn//public_html/noithat/" local="129985423564539702" remote="129985199400000000" Dst="0" />
</dwsync>