<?xml version="1.0" encoding="utf-8" ?>
<dwsync>
<file name="sprite.png" server="imgroup.com.vn//public_html/noithat/" local="129985423580433980" remote="129985199400000000" Dst="0" />
<file name="contentPatternTop.png" server="imgroup.com.vn//public_html/noithat/" local="129985423581484924" remote="129985199400000000" Dst="0" />
<file name="contentPatternLeft.png" server="imgroup.com.vn//public_html/noithat/" local="129985423581635067" remote="129985199400000000" Dst="0" />
<file name="contentPatternRight.png" server="imgroup.com.vn//public_html/noithat/" local="129985423580293862" remote="129985199400000000" Dst="0" />
<file name="loader.gif" server="imgroup.com.vn//public_html/noithat/" local="129985423581314776" remote="129985199400000000" Dst="0" />
<file name="btnNext.png" server="imgroup.com.vn//public_html/noithat/" local="129985423581044549" remote="129985199400000000" Dst="0" />
<file name="btnPrevious.png" server="imgroup.com.vn//public_html/noithat/" local="129985423580744259" remote="129985199400000000" Dst="0" />
<file name="contentPatternBottom.png" server="imgroup.com.vn//public_html/noithat/" local="129985423580904407" remote="129985199400000000" Dst="0" />
<file name="default_thumbnail.gif" server="imgroup.com.vn//public_html/noithat/" local="129985423580614138" remote="129985199400000000" Dst="0" />
</dwsync>