<?xml version="1.0" encoding="utf-8" ?>
<dwsync>
<file name="home.png" server="imgroup.com.vn//public_html/noithat/" local="129985423534582769" remote="129985199400000000" Dst="0" />
<file name="stats.png" server="imgroup.com.vn//public_html/noithat/" local="129985423533511807" remote="129985199400000000" Dst="0" />
<file name="create.png" server="imgroup.com.vn//public_html/noithat/" local="129985423534062298" remote="129985199400000000" Dst="0" />
<file name="frames.png" server="imgroup.com.vn//public_html/noithat/" local="129985423534993142" remote="129985199400000000" Dst="0" />
<file name="alert.png" server="imgroup.com.vn//public_html/noithat/" local="129985423533892149" remote="129985199400000000" Dst="0" />
<file name="files.png" server="imgroup.com.vn//public_html/noithat/" local="129985423534933092" remote="129985199400000000" Dst="0" />
<file name="user.png" server="imgroup.com.vn//public_html/noithat/" local="129985423533792075" remote="129985199400000000" Dst="0" />
<file name="fullscreen.png" server="imgroup.com.vn//public_html/noithat/" local="129985423534172401" remote="129985199400000000" Dst="0" />
<file name="pencil.png" server="imgroup.com.vn//public_html/noithat/" local="129985423534532716" remote="129985199400000000" Dst="0" />
<file name="Thumbs.db" server="imgroup.com.vn//public_html/noithat/" local="129985423533641948" remote="129985199400000000" Dst="0" />
</dwsync>