<?xml version="1.0" encoding="utf-8" ?>
<dwsync>
<file name="bg.png" server="imgroup.com.vn//public_html/noithat/" local="129985423526655649" remote="129985199400000000" Dst="0" />
<file name="10.png" server="imgroup.com.vn//public_html/noithat/" local="129985423527586481" remote="129985199400000000" Dst="0" />
<file name="2.png" server="imgroup.com.vn//public_html/noithat/" local="129985423526045112" remote="129985199400000000" Dst="0" />
<file name="1.png" server="imgroup.com.vn//public_html/noithat/" local="129985423526445468" remote="129985199400000000" Dst="0" />
<file name="3.png" server="imgroup.com.vn//public_html/noithat/" local="129985423526045112" remote="129985199400000000" Dst="0" />
<file name="4.png" server="imgroup.com.vn//public_html/noithat/" local="129985423527186130" remote="129985199400000000" Dst="0" />
<file name="5.png" server="imgroup.com.vn//public_html/noithat/" local="129985423526285320" remote="129985199400000000" Dst="0" />
<file name="6.png" server="imgroup.com.vn//public_html/noithat/" local="129985423527186130" remote="129985199400000000" Dst="0" />
<file name="7.png" server="imgroup.com.vn//public_html/noithat/" local="129985423526895865" remote="129985199400000000" Dst="0" />
<file name="8.png" server="imgroup.com.vn//public_html/noithat/" local="129985423525564668" remote="129985199400000000" Dst="0" />
<file name="9.png" server="imgroup.com.vn//public_html/noithat/" local="129985423526935905" remote="129985199400000000" Dst="0" />
<file name="Thumbs.db" server="imgroup.com.vn//public_html/noithat/" local="129985423525674759" remote="129985199400000000" Dst="0" />
</dwsync>