<?xml version="1.0" encoding="utf-8" ?>
<dwsync>
<file name="dUsers.png" server="imgroup.com.vn//public_html/noithat/" local="129985423529558249" remote="129985199400000000" Dst="0" />
<file name="dMessages.png" server="imgroup.com.vn//public_html/noithat/" local="129985423529147881" remote="129985199400000000" Dst="0" />
<file name="dMoney.png" server="imgroup.com.vn//public_html/noithat/" local="129985423530789364" remote="129985199400000000" Dst="0" />
<file name="taskDone.png" server="imgroup.com.vn//public_html/noithat/" local="129985423532891253" remote="129985199400000000" Dst="0" />
<file name="taskPending.png" server="imgroup.com.vn//public_html/noithat/" local="129985423528787581" remote="129985199400000000" Dst="0" />
<file name="taskProgress.png" server="imgroup.com.vn//public_html/noithat/" local="129985423531740231" remote="129985199400000000" Dst="0" />
<file name="grown.png" server="imgroup.com.vn//public_html/noithat/" local="129985423530519121" remote="129985199400000000" Dst="0" />
<file name="dropped.png" server="imgroup.com.vn//public_html/noithat/" local="129985423531890354" remote="129985199400000000" Dst="0" />
<file name="dialog.html" server="imgroup.com.vn//public_html/noithat/" local="129985423532210646" remote="129985199400000000" Dst="0" />
<file name="sub.html" server="imgroup.com.vn//public_html/noithat/" local="129985423527786677" remote="129985199400000000" Dst="0" />
<file name="plusS.html" server="imgroup.com.vn//public_html/noithat/" local="129985423533161504" remote="129985199400000000" Dst="0" />
<file name="add.png" server="imgroup.com.vn//public_html/noithat/" local="129985423527936800" remote="129985199400000000" Dst="0" />
<file name="orderStatus.png" server="imgroup.com.vn//public_html/noithat/" local="129985423528096944" remote="129985199400000000" Dst="0" />
<file name="updateDone.png" server="imgroup.com.vn//public_html/noithat/" local="129985423529217948" remote="129985199400000000" Dst="0" />
<file name="updateWarning.png" server="imgroup.com.vn//public_html/noithat/" local="129985423528377196" remote="129985199400000000" Dst="0" />
<file name="updateNotice.png" server="imgroup.com.vn//public_html/noithat/" local="129985423528187025" remote="129985199400000000" Dst="0" />
<file name="sort.png" server="imgroup.com.vn//public_html/noithat/" local="129985423531429940" remote="129985199400000000" Dst="0" />
<file name="sortUp.png" server="imgroup.com.vn//public_html/noithat/" local="129985423528857632" remote="129985199400000000" Dst="0" />
<file name="sortDown.png" server="imgroup.com.vn//public_html/noithat/" local="129985423531600097" remote="129985199400000000" Dst="0" />
<file name="prev.png" server="imgroup.com.vn//public_html/noithat/" local="129985423530569162" remote="129985199400000000" Dst="0" />
<file name="next.png" server="imgroup.com.vn//public_html/noithat/" local="129985423528457260" remote="129985199400000000" Dst="0" />
<file name="iconHome.gif" server="imgroup.com.vn//public_html/noithat/" local="129985423532360776" remote="129985199400000000" Dst="0" />
<file name="closeSelection.png" server="imgroup.com.vn//public_html/noithat/" local="129985423530999565" remote="129985199400000000" Dst="0" />
<file name="action-sprite.png" server="imgroup.com.vn//public_html/noithat/" local="129985423532831199" remote="129985199400000000" Dst="0" />
<file name="Actions-application-exit-icon.png" server="imgroup.com.vn//public_html/noithat/" local="129985423530308932" remote="129985199400000000" Dst="0" />
<file name="delete.png" server="imgroup.com.vn//public_html/noithat/" local="129985423532120556" remote="129985199400000000" Dst="0" />
<file name="Status-dialog-error-icon.png" server="imgroup.com.vn//public_html/noithat/" local="129985423532550947" remote="129985199400000000" Dst="0" />
<file name="tableArrows.png" server="imgroup.com.vn//public_html/noithat/" local="129985423531339859" remote="129985199400000000" Dst="0" />
<file name="Thumbs.db" server="imgroup.com.vn//public_html/noithat/" local="129985423530258887" remote="129985199400000000" Dst="0" />
<file name="update.png" server="imgroup.com.vn//public_html/noithat/" local="129985423531149680" remote="129985199400000000" Dst="0" />
<file name="upload.png" server="imgroup.com.vn//public_html/noithat/" local="129985423533141474" remote="129985199400000000" Dst="0" />
</dwsync>