<?xml version="1.0" encoding="utf-8" ?>
<dwsync>
<file name="ui-bg_glass_95_fef1ec_1x400.png" server="imgroup.com.vn//public_html/noithat/" local="129985423522521933" remote="129985199400000000" Dst="0" />
<file name="ui-icons_222222_256x240.png" server="imgroup.com.vn//public_html/noithat/" local="129985423522471884" remote="129985199400000000" Dst="0" />
<file name="ui-icons_888888_256x240.png" server="imgroup.com.vn//public_html/noithat/" local="129985423521511025" remote="129985199400000000" Dst="0" />
<file name="ui-icons_454545_256x240.png" server="imgroup.com.vn//public_html/noithat/" local="129985423522241677" remote="129985199400000000" Dst="0" />
<file name="ui-icons_2e83ff_256x240.png" server="imgroup.com.vn//public_html/noithat/" local="129985423522081538" remote="129985199400000000" Dst="0" />
<file name="ui-icons_cd0a0a_256x240.png" server="imgroup.com.vn//public_html/noithat/" local="129985423522802189" remote="129985199400000000" Dst="0" />
<file name="ui-bg_flat_0_aaaaaa_40x100.png" server="imgroup.com.vn//public_html/noithat/" local="129985423521741240" remote="129985199400000000" Dst="0" />
<file name="datePickerArrows.png" server="imgroup.com.vn//public_html/noithat/" local="129985423521781272" remote="129985199400000000" Dst="0" />
<file name="Thumbs.db" server="imgroup.com.vn//public_html/noithat/" local="129985423521450987" remote="129985199400000000" Dst="0" />
</dwsync>