<?xml version="1.0" encoding="utf-8" ?>
<dwsync>
<file name="usualButtons.png" server="imgroup.com.vn//public_html/noithat/" local="129985423561076586" remote="129985199400000000" Dst="0" />
<file name="widgetButtons.png" server="imgroup.com.vn//public_html/noithat/" local="129985423563088402" remote="129985199400000000" Dst="0" />
<file name="numDataBg.png" server="imgroup.com.vn//public_html/noithat/" local="129985423562587944" remote="129985199400000000" Dst="0" />
<file name="progress_container.png" server="imgroup.com.vn//public_html/noithat/" local="129985423562828156" remote="129985199400000000" Dst="0" />
<file name="greenMediumBar.png" server="imgroup.com.vn//public_html/noithat/" local="129985423562047458" remote="129985199400000000" Dst="0" />
<file name="orangeMediumBar.png" server="imgroup.com.vn//public_html/noithat/" local="129985423561697135" remote="129985199400000000" Dst="0" />
<file name="blueMediumBar.png" server="imgroup.com.vn//public_html/noithat/" local="129985423560976492" remote="129985199400000000" Dst="0" />
<file name="handle.png" server="imgroup.com.vn//public_html/noithat/" local="129985423561356834" remote="129985199400000000" Dst="0" />
<file name="sliderOverlay.png" server="imgroup.com.vn//public_html/noithat/" local="129985423562317701" remote="129985199400000000" Dst="0" />
<file name="sliderBg.png" server="imgroup.com.vn//public_html/noithat/" local="129985423561947368" remote="129985199400000000" Dst="0" />
<file name="sliderBgVert.html" server="imgroup.com.vn//public_html/noithat/" local="129985423562267652" remote="129985199400000000" Dst="0" />
<file name="sliderOverlayVert.png" server="imgroup.com.vn//public_html/noithat/" local="129985423561797233" remote="129985199400000000" Dst="0" />
<file name="progress.png" server="imgroup.com.vn//public_html/noithat/" local="129985423562597949" remote="129985199400000000" Dst="0" />
<file name="progressOverlay.png" server="imgroup.com.vn//public_html/noithat/" local="129985423562928246" remote="129985199400000000" Dst="0" />
<file name="Thumbs.db" server="imgroup.com.vn//public_html/noithat/" local="129985423561306785" remote="129985199400000000" Dst="0" />
</dwsync>