<?xml version="1.0" encoding="utf-8" ?>
<dwsync>
<file name="twitter.png" server="imgroup.com.vn//public_html/noithat/" local="129985423548595368" remote="129985199400000000" Dst="0" />
<file name="add.png" server="imgroup.com.vn//public_html/noithat/" local="129985423544621800" remote="129985199400000000" Dst="0" />
<file name="alert.png" server="imgroup.com.vn//public_html/noithat/" local="129985423548205025" remote="129985199400000000" Dst="0" />
<file name="bubbles2.png" server="imgroup.com.vn//public_html/noithat/" local="129985423549886565" remote="129985199400000000" Dst="0" />
<file name="cart.png" server="imgroup.com.vn//public_html/noithat/" local="129985423550406992" remote="129985199400000000" Dst="0" />
<file name="check.png" server="imgroup.com.vn//public_html/noithat/" local="129985423549466142" remote="129985199400000000" Dst="0" />
<file name="clipboard.png" server="imgroup.com.vn//public_html/noithat/" local="129985423545302420" remote="129985199400000000" Dst="0" />
<file name="close.png" server="imgroup.com.vn//public_html/noithat/" local="129985423551658125" remote="129985199400000000" Dst="0" />
<file name="dialog.png" server="imgroup.com.vn//public_html/noithat/" local="129985423547184144" remote="129985199400000000" Dst="0" />
<file name="dropper.png" server="imgroup.com.vn//public_html/noithat/" local="129985423545132267" remote="129985199400000000" Dst="0" />
<file name="files.png" server="imgroup.com.vn//public_html/noithat/" local="129985423550637203" remote="129985199400000000" Dst="0" />
<file name="frames.png" server="imgroup.com.vn//public_html/noithat/" local="129985423552298696" remote="129985199400000000" Dst="0" />
<file name="full2.png" server="imgroup.com.vn//public_html/noithat/" local="129985423545693294" remote="129985199400000000" Dst="0" />
<file name="graph.png" server="imgroup.com.vn//public_html/noithat/" local="129985423550396983" remote="129985199400000000" Dst="0" />
<file name="heart.png" server="imgroup.com.vn//public_html/noithat/" local="129985423551998422" remote="129985199400000000" Dst="0" />
<file name="help.png" server="imgroup.com.vn//public_html/noithat/" local="129985423546173191" remote="129985199400000000" Dst="0" />
<file name="images2.png" server="imgroup.com.vn//public_html/noithat/" local="129985423548855614" remote="129985199400000000" Dst="0" />
<file name="imagesList.png" server="imgroup.com.vn//public_html/noithat/" local="129985423552258660" remote="129985199400000000" Dst="0" />
<file name="inbox2.png" server="imgroup.com.vn//public_html/noithat/" local="129985423551608072" remote="129985199400000000" Dst="0" />
<file name="key.png" server="imgroup.com.vn//public_html/noithat/" local="129985423549195899" remote="129985199400000000" Dst="0" />
<file name="laptop.png" server="imgroup.com.vn//public_html/noithat/" local="129985423547944783" remote="129985199400000000" Dst="0" />
<file name="like.png" server="imgroup.com.vn//public_html/noithat/" local="129985423550076699" remote="129985199400000000" Dst="0" />
<file name="link2.png" server="imgroup.com.vn//public_html/noithat/" local="129985423547494374" remote="129985199400000000" Dst="0" />
<file name="list.png" server="imgroup.com.vn//public_html/noithat/" local="129985423551287780" remote="129985199400000000" Dst="0" />
<file name="loading.png" server="imgroup.com.vn//public_html/noithat/" local="129985423549185890" remote="129985199400000000" Dst="0" />
<file name="magnify.png" server="imgroup.com.vn//public_html/noithat/" local="129985423545862908" remote="129985199400000000" Dst="0" />
<file name="money.png" server="imgroup.com.vn//public_html/noithat/" local="129985423548895638" remote="129985199400000000" Dst="0" />
<file name="money2.png" server="imgroup.com.vn//public_html/noithat/" local="129985423551057577" remote="129985199400000000" Dst="0" />
<file name="monthCalendar.png" server="imgroup.com.vn//public_html/noithat/" local="129985423544491675" remote="129985199400000000" Dst="0" />
<file name="pdfDoc.png" server="imgroup.com.vn//public_html/noithat/" local="129985423546303312" remote="129985199400000000" Dst="0" />
<file name="pencil.png" server="imgroup.com.vn//public_html/noithat/" local="129985423548545331" remote="129985199400000000" Dst="0" />
<file name="photos.png" server="imgroup.com.vn//public_html/noithat/" local="129985423550697265" remote="129985199400000000" Dst="0" />
<file name="preview.png" server="imgroup.com.vn//public_html/noithat/" local="129985423551337833" remote="129985199400000000" Dst="0" />
<file name="record.png" server="imgroup.com.vn//public_html/noithat/" local="129985423552999322" remote="129985199400000000" Dst="0" />
<file name="refresh4.png" server="imgroup.com.vn//public_html/noithat/" local="129985423552649003" remote="129985199400000000" Dst="0" />
<file name="repeat.png" server="imgroup.com.vn//public_html/noithat/" local="129985423548305107" remote="129985199400000000" Dst="0" />
<file name="save.png" server="imgroup.com.vn//public_html/noithat/" local="129985423547224131" remote="129985199400000000" Dst="0" />
<file name="settings.png" server="imgroup.com.vn//public_html/noithat/" local="129985423545022156" remote="129985199400000000" Dst="0" />
<file name="stats.png" server="imgroup.com.vn//public_html/noithat/" local="129985423544771931" remote="129985199400000000" Dst="0" />
<file name="tags.png" server="imgroup.com.vn//public_html/noithat/" local="129985423551998422" remote="129985199400000000" Dst="0" />
<file name="Thumbs.db" server="imgroup.com.vn//public_html/noithat/" local="129985423545512601" remote="129985199400000000" Dst="0" />
<file name="timer.png" server="imgroup.com.vn//public_html/noithat/" local="129985423551017711" remote="129985199400000000" Dst="0" />
<file name="transfer.png" server="imgroup.com.vn//public_html/noithat/" local="129985423552769115" remote="129985199400000000" Dst="0" />
<file name="twitter2.png" server="imgroup.com.vn//public_html/noithat/" local="129985423546483466" remote="129985199400000000" Dst="0" />
<file name="upload.png" server="imgroup.com.vn//public_html/noithat/" local="129985423552528899" remote="129985199400000000" Dst="0" />
<file name="user.png" server="imgroup.com.vn//public_html/noithat/" local="129985423545983024" remote="129985199400000000" Dst="0" />
<file name="users.png" server="imgroup.com.vn//public_html/noithat/" local="129985423549536209" remote="129985199400000000" Dst="0" />
</dwsync>