<?xml version="1.0" encoding="utf-8" ?>
<dwsync>
<file name="select.png" server="imgroup.com.vn//public_html/noithat/" local="129985423574108290" remote="129985199400000000" Dst="0" />
<file name="colorpicker_background.png" server="imgroup.com.vn//public_html/noithat/" local="129985423572256634" remote="129985199400000000" Dst="0" />
<file name="colorpicker_overlay.png" server="imgroup.com.vn//public_html/noithat/" local="129985423572306675" remote="129985199400000000" Dst="0" />
<file name="colorpicker_select.gif" server="imgroup.com.vn//public_html/noithat/" local="129985423573147435" remote="129985199400000000" Dst="0" />
<file name="colorpicker_indic.gif" server="imgroup.com.vn//public_html/noithat/" local="129985423574408564" remote="129985199400000000" Dst="0" />
<file name="colorpicker_hex.png" server="imgroup.com.vn//public_html/noithat/" local="129985423573387647" remote="129985199400000000" Dst="0" />
<file name="colorpicker_rgb_r.png" server="imgroup.com.vn//public_html/noithat/" local="129985423574568708" remote="129985199400000000" Dst="0" />
<file name="colorpicker_rgb_g.png" server="imgroup.com.vn//public_html/noithat/" local="129985423573497750" remote="129985199400000000" Dst="0" />
<file name="colorpicker_rgb_b.png" server="imgroup.com.vn//public_html/noithat/" local="129985423572727057" remote="129985199400000000" Dst="0" />
<file name="colorpicker_hsb_h.png" server="imgroup.com.vn//public_html/noithat/" local="129985423573728301" remote="129985199400000000" Dst="0" />
<file name="colorpicker_hsb_s.png" server="imgroup.com.vn//public_html/noithat/" local="129985423573808025" remote="129985199400000000" Dst="0" />
<file name="colorpicker_hsb_b.png" server="imgroup.com.vn//public_html/noithat/" local="129985423573097398" remote="129985199400000000" Dst="0" />
<file name="colorpicker_submit.png" server="imgroup.com.vn//public_html/noithat/" local="129985423574268438" remote="129985199400000000" Dst="0" />
<file name="Thumbs.db" server="imgroup.com.vn//public_html/noithat/" local="129985423572777118" remote="129985199400000000" Dst="0" />
</dwsync>