<?xml version="1.0" encoding="utf-8" ?>
<dwsync>
<file name="1.png" server="imgroup.com.vn//public_html/noithat/" local="129985423569374035" remote="129985199400000000" Dst="0" />
<file name="2.png" server="imgroup.com.vn//public_html/noithat/" local="129985423568853576" remote="129985199400000000" Dst="0" />
<file name="3.png" server="imgroup.com.vn//public_html/noithat/" local="129985423569024130" remote="129985199400000000" Dst="0" />
<file name="4.png" server="imgroup.com.vn//public_html/noithat/" local="129985423569694323" remote="129985199400000000" Dst="0" />
<file name="5.png" server="imgroup.com.vn//public_html/noithat/" local="129985423569113809" remote="129985199400000000" Dst="0" />
<file name="6.png" server="imgroup.com.vn//public_html/noithat/" local="129985423569864480" remote="129985199400000000" Dst="0" />
<file name="7.png" server="imgroup.com.vn//public_html/noithat/" local="129985423569614251" remote="129985199400000000" Dst="0" />
<file name="8.png" server="imgroup.com.vn//public_html/noithat/" local="129985423568753490" remote="129985199400000000" Dst="0" />
<file name="9.png" server="imgroup.com.vn//public_html/noithat/" local="129985423569424088" remote="129985199400000000" Dst="0" />
</dwsync>