<?xml version="1.0" encoding="utf-8" ?>
<dwsync>
<file name="arrowB.png" server="imgroup.com.vn//public_html/noithat/" local="129985423557643500" remote="129985199400000000" Dst="0" />
<file name="arrowG.png" server="imgroup.com.vn//public_html/noithat/" local="129985423558664414" remote="129985199400000000" Dst="0" />
<file name="arrowlG.png" server="imgroup.com.vn//public_html/noithat/" local="129985423558394171" remote="129985199400000000" Dst="0" />
<file name="arrowR.png" server="imgroup.com.vn//public_html/noithat/" local="129985423560005623" remote="129985199400000000" Dst="0" />
<file name="tipB.png" server="imgroup.com.vn//public_html/noithat/" local="129985423558654409" remote="129985199400000000" Dst="0" />
<file name="tipG.png" server="imgroup.com.vn//public_html/noithat/" local="129985423560295892" remote="129985199400000000" Dst="0" />
<file name="tiplG.png" server="imgroup.com.vn//public_html/noithat/" local="129985423559355043" remote="129985199400000000" Dst="0" />
<file name="tipR.png" server="imgroup.com.vn//public_html/noithat/" local="129985423557733585" remote="129985199400000000" Dst="0" />
<file name="plusB.png" server="imgroup.com.vn//public_html/noithat/" local="129985423558334129" remote="129985199400000000" Dst="0" />
<file name="plusG.png" server="imgroup.com.vn//public_html/noithat/" local="129985423558093909" remote="129985199400000000" Dst="0" />
<file name="pluslG.png" server="imgroup.com.vn//public_html/noithat/" local="129985423559345029" remote="129985199400000000" Dst="0" />
<file name="plusR.png" server="imgroup.com.vn//public_html/noithat/" local="129985423559965579" remote="129985199400000000" Dst="0" />
<file name="roundtipB.png" server="imgroup.com.vn//public_html/noithat/" local="129985423559034755" remote="129985199400000000" Dst="0" />
<file name="roundtipG.png" server="imgroup.com.vn//public_html/noithat/" local="129985423559765407" remote="129985199400000000" Dst="0" />
<file name="roundtiplG.png" server="imgroup.com.vn//public_html/noithat/" local="129985423558964684" remote="129985199400000000" Dst="0" />
<file name="roundtipR.png" server="imgroup.com.vn//public_html/noithat/" local="129985423559705349" remote="129985199400000000" Dst="0" />
<file name="Thumbs.db" server="imgroup.com.vn//public_html/noithat/" local="129985423557993807" remote="129985199400000000" Dst="0" />
</dwsync>