<?xml version="1.0" encoding="utf-8" ?>
<dwsync>
<file name="searchSmall.png" server="imgroup.com.vn//public_html/noithat/" local="129985423518468286" remote="129985199400000000" Dst="0" />
<file name="leftArrow.png" server="imgroup.com.vn//public_html/noithat/" local="129985423518768552" remote="129985199400000000" Dst="0" />
<file name="rightArrow.png" server="imgroup.com.vn//public_html/noithat/" local="129985423517207161" remote="129985199400000000" Dst="0" />
<file name="contentDivider.png" server="imgroup.com.vn//public_html/noithat/" local="129985423515605717" remote="129985199400000000" Dst="0" />
<file name="divider.png" server="imgroup.com.vn//public_html/noithat/" local="129985423514654859" remote="129985199400000000" Dst="0" />
<file name="sidebarSep.png" server="imgroup.com.vn//public_html/noithat/" local="129985423514815007" remote="129985199400000000" Dst="0" />
<file name="subArrow.png" server="imgroup.com.vn//public_html/noithat/" local="129985423520630229" remote="129985199400000000" Dst="0" />
<file name="ui-menu-icon.png" server="imgroup.com.vn//public_html/noithat/" local="129985423511151710" remote="129985199400000000" Dst="0" />
<file name="article-icon.png" server="imgroup.com.vn//public_html/noithat/" local="129985423510020766" remote="129985199400000000" Dst="0" />
<file name="setting-icon.png" server="imgroup.com.vn//public_html/noithat/" local="129985423518087952" remote="129985199400000000" Dst="0" />
<file name="gallery-icon.png" server="imgroup.com.vn//public_html/noithat/" local="129985423510421053" remote="129985199400000000" Dst="0" />
<file name="social-media-chat-icon.png" server="imgroup.com.vn//public_html/noithat/" local="129985423513463784" remote="129985199400000000" Dst="0" />
<file name="cart-icon.png" server="imgroup.com.vn//public_html/noithat/" local="129985423516226283" remote="129985199400000000" Dst="0" />
<file name="template-icon.png" server="imgroup.com.vn//public_html/noithat/" local="129985423520199846" remote="129985199400000000" Dst="0" />
<file name="member-icon.png" server="imgroup.com.vn//public_html/noithat/" local="129985423510381021" remote="129985199400000000" Dst="0" />
<file name="arrow.gif" server="imgroup.com.vn//public_html/noithat/" local="129985423514014283" remote="129985199400000000" Dst="0" />
<file name="sidebarZero.png" server="imgroup.com.vn//public_html/noithat/" local="129985423518828610" remote="129985199400000000" Dst="0" />
<file name="sidebarPos.png" server="imgroup.com.vn//public_html/noithat/" local="129985423517487408" remote="129985199400000000" Dst="0" />
<file name="sidebarNeg.png" server="imgroup.com.vn//public_html/noithat/" local="129985423520039698" remote="129985199400000000" Dst="0" />
<file name="subIcon.png" server="imgroup.com.vn//public_html/noithat/" local="129985423520960526" remote="129985199400000000" Dst="0" />
<file name="negArrow.png" server="imgroup.com.vn//public_html/noithat/" local="129985423517167121" remote="129985199400000000" Dst="0" />
<file name="posArrow.png" server="imgroup.com.vn//public_html/noithat/" local="129985423517817709" remote="129985199400000000" Dst="0" />
<file name="zero.png" server="imgroup.com.vn//public_html/noithat/" local="129985423515895974" remote="129985199400000000" Dst="0" />
<file name="subArrowStats.png" server="imgroup.com.vn//public_html/noithat/" local="129985423509400160" remote="129985199400000000" Dst="0" />
<file name="sidebarSearchBtn.png" server="imgroup.com.vn//public_html/noithat/" local="129985423510711330" remote="129985199400000000" Dst="0" />
<file name="searchBtn.png" server="imgroup.com.vn//public_html/noithat/" local="129985423516646649" remote="129985199400000000" Dst="0" />
<file name="addFiles.png" server="imgroup.com.vn//public_html/noithat/" local="129985423514404634" remote="129985199400000000" Dst="0" />
<file name="tipsy.gif" server="imgroup.com.vn//public_html/noithat/" local="129985423520410043" remote="129985199400000000" Dst="0" />
<file name="big.png" server="imgroup.com.vn//public_html/noithat/" local="129985423513553869" remote="129985199400000000" Dst="0" />
<file name="down_ar.png" server="imgroup.com.vn//public_html/noithat/" local="129985423510711330" remote="129985199400000000" Dst="0" />
<file name="down_ar16.png" server="imgroup.com.vn//public_html/noithat/" local="129985423520870445" remote="129985199400000000" Dst="0" />
<file name="comment-icon.png" server="imgroup.com.vn//public_html/noithat/" local="129985423515936010" remote="129985199400000000" Dst="0" />
<file name="eye_inv.png" server="imgroup.com.vn//public_html/noithat/" local="129985423519839522" remote="129985199400000000" Dst="0" />
<file name="img.png" server="imgroup.com.vn//public_html/noithat/" local="129985423514214471" remote="129985199400000000" Dst="0" />
<file name="logo.png" server="imgroup.com.vn//public_html/noithat/" local="129985423519158915" remote="129985199400000000" Dst="0" />
<file name="product-icon.png" server="imgroup.com.vn//public_html/noithat/" local="129985423509980674" remote="129985199400000000" Dst="0" />
<file name="question-button.png" server="imgroup.com.vn//public_html/noithat/" local="129985423520670265" remote="129985199400000000" Dst="0" />
<file name="userPic.png" server="imgroup.com.vn//public_html/noithat/" local="129985423513814103" remote="129985199400000000" Dst="0" />
</dwsync>