<?xml version="1.0" encoding="utf-8" ?>
<dwsync>
<file name="loader.gif" server="imgroup.com.vn//public_html/noithat/" local="129985423576380336" remote="129985199400000000" Dst="0" />
<file name="loader1.gif" server="imgroup.com.vn//public_html/noithat/" local="129985423576500448" remote="129985199400000000" Dst="0" />
<file name="loader10.gif" server="imgroup.com.vn//public_html/noithat/" local="129985423576730655" remote="129985199400000000" Dst="0" />
<file name="loader11.gif" server="imgroup.com.vn//public_html/noithat/" local="129985423575709742" remote="129985199400000000" Dst="0" />
<file name="loader12.gif" server="imgroup.com.vn//public_html/noithat/" local="129985423577191061" remote="129985199400000000" Dst="0" />
<file name="loader2.gif" server="imgroup.com.vn//public_html/noithat/" local="129985423577631465" remote="129985199400000000" Dst="0" />
<file name="loader3.gif" server="imgroup.com.vn//public_html/noithat/" local="129985423577381248" remote="129985199400000000" Dst="0" />
<file name="loader4.gif" server="imgroup.com.vn//public_html/noithat/" local="129985423575979981" remote="129985199400000000" Dst="0" />
<file name="loader5.gif" server="imgroup.com.vn//public_html/noithat/" local="129985423576950857" remote="129985199400000000" Dst="0" />
<file name="loader6.gif" server="imgroup.com.vn//public_html/noithat/" local="129985423575549618" remote="129985199400000000" Dst="0" />
<file name="loader7.gif" server="imgroup.com.vn//public_html/noithat/" local="129985423575279347" remote="129985199400000000" Dst="0" />
<file name="loader8.gif" server="imgroup.com.vn//public_html/noithat/" local="129985423576170160" remote="129985199400000000" Dst="0" />
<file name="loader9.gif" server="imgroup.com.vn//public_html/noithat/" local="129985423575199275" remote="129985199400000000" Dst="0" />
</dwsync>