<?xml version="1.0" encoding="utf-8" ?>
<dwsync>
<file name="block.png" server="imgroup.com.vn//public_html/noithat/" local="129985423544261481" remote="129985199400000000" Dst="0" />
<file name="blue-document-pdf-text.png" server="imgroup.com.vn//public_html/noithat/" local="129985423544091316" remote="129985199400000000" Dst="0" />
<file name="calendar-task.png" server="imgroup.com.vn//public_html/noithat/" local="129985423542489884" remote="129985199400000000" Dst="0" />
<file name="flask.png" server="imgroup.com.vn//public_html/noithat/" local="129985423542870222" remote="129985199400000000" Dst="0" />
<file name="edit-column.png" server="imgroup.com.vn//public_html/noithat/" local="129985423543771028" remote="129985199400000000" Dst="0" />
<file name="hammer.png" server="imgroup.com.vn//public_html/noithat/" local="129985423540117752" remote="129985199400000000" Dst="0" />
<file name="paper-clip.png" server="imgroup.com.vn//public_html/noithat/" local="129985423542059493" remote="129985199400000000" Dst="0" />
<file name="hand-point-090.png" server="imgroup.com.vn//public_html/noithat/" local="129985423543370668" remote="129985199400000000" Dst="0" />
<file name="hide.png" server="imgroup.com.vn//public_html/noithat/" local="129985423542559939" remote="129985199400000000" Dst="0" />
<file name="pencil.png" server="imgroup.com.vn//public_html/noithat/" local="129985423543510794" remote="129985199400000000" Dst="0" />
<file name="sitemap.png" server="imgroup.com.vn//public_html/noithat/" local="129985423541529013" remote="129985199400000000" Dst="0" />
<file name="plus.png" server="imgroup.com.vn//public_html/noithat/" local="129985423541999439" remote="129985199400000000" Dst="0" />
<file name="star.png" server="imgroup.com.vn//public_html/noithat/" local="129985423544001239" remote="129985199400000000" Dst="0" />
<file name="tick.png" server="imgroup.com.vn//public_html/noithat/" local="129985423540057694" remote="129985199400000000" Dst="0" />
<file name="toolbox.png" server="imgroup.com.vn//public_html/noithat/" local="129985423541629107" remote="129985199400000000" Dst="0" />
<file name="user-silhouette-question.png" server="imgroup.com.vn//public_html/noithat/" local="129985423542990330" remote="129985199400000000" Dst="0" />
</dwsync>